{
    "m": {
        "m": 1,
        "cm": 100,
        "in": 39.37,
        "ft": 3.2808399
    },
    "cm": {
        "cm": 1,
        "m": 0.01,
        "in": 0.393700787,
        "ft": 0.032808399
    },
    "in": {
        "in": 1,
        "m": 0.0254,
        "cm": 2.54,
        "ft": 0.0833333333
    },
    "ft": {
        "ft": 1,
        "m": 0.3048,
        "cm": 30.48,
        "in": 12
    }
}